{
  "features": [
    "N",
    "P",
    "K",
    "temperature",
    "humidity",
    "ph",
    "rainfall"
  ],
  "scaler_mean": [
    50.551818181818184,
    53.36272727272727,
    48.14909090909091,
    25.616243851779544,
    71.48177921778637,
    6.469480065256364,
    103.46365541576817
  ],
  "scaler_scale": [
    36.90894257695227,
    32.97838509495386,
    50.636418345000635,
    5.062597617195944,
    22.25875105745574,
    0.7737617731081714,
    54.945896562329025
  ],
  "centroids": [
    [
      -0.6589754881592395,
      -0.2578846459622573,
      -0.4826492917235403,
      0.7345690338129728,
      0.7289211483758873,
      0.4100768027422757,
      -0.7519135132870886
    ],
    [
      1.372246894166212,
      -0.7466322926920663,
      -0.3596046384052497,
      -0.014966038822083846,
      -0.5666055963756287,
      0.4146343493099714,
      0.9937528165418535
    ],
    [
      -0.2747651695760426,
      0.4435252475028362,
      0.6256858023096245,
      -1.3301477380039628,
      -2.4518002327628854,
      1.2072173230593732,
      -0.42871945362115266
    ],
    [
      -0.7998345899371099,
      2.447954324844522,
      2.9965690590852283,
      -0.5438501611315996,
      0.8288799174610763,
      -0.6430476311004412,
      -0.013202525736158991
    ],
    [
      -0.864981582417141,
      -1.0808763210485344,
      -0.3021660409778311,
      -0.5240881752126374,
      0.8685760905464158,
      -0.19493018634679207,
      0.10666425633249353
    ],
    [
      -0.8358095824737064,
      -0.27219612582665315,
      -0.4421069934081821,
      1.1259379624567933,
      -1.0165806606757843,
      -0.3372804614548243,
      0.26804393788200337
    ],
    [
      1.3336077310340535,
      -1.0936328372909208,
      0.03962934289130213,
      0.3002538546340968,
      0.7777383090661192,
      -0.057613059756580924,
      -1.1971000262405056
    ],
    [
      -0.786684394683564,
      -0.343898643421401,
      -0.46459516221757213,
      0.8994184353747571,
      -0.940629047409525,
      -2.0800252035256563,
      -0.31127958853125326
    ],
    [
      -0.44772273033238513,
      0.3819775963749177,
      -0.5650513818428067,
      0.7764592503430678,
      -0.3651141834539686,
      0.9562187571765598,
      -0.749430466211416
    ],
    [
      0.6827588166085499,
      -0.16679586618241363,
      -0.14731365251495104,
      -0.14778580820404966,
      0.43999572965639794,
      0.33170603011518984,
      1.3938485154575604
    ],
    [
      1.364171907594464,
      0.8511224911551906,
      0.025323308437657295,
      0.3387750047569159,
      0.39809918515261966,
      -0.6303449022020307,
      0.014407548884099246
    ],
    [
      -0.8590780478620956,
      -1.0931717504431493,
      -0.5456470124202275,
      -1.4690274512407948,
      0.8934377991979443,
      0.8566831206241371,
      0.09851542249313532
    ],
    [
      -0.8206320249877612,
      0.4358647274919269,
      -0.5077965923327526,
      -1.0786782598762399,
      -2.017158649529694,
      -0.9733287168411675,
      0.24331078698326683
    ],
    [
      -0.7735745374522682,
      -0.18671620971947656,
      -0.5584379180343009,
      0.5090053287311391,
      -0.7698029861220206,
      2.8947825384224832,
      -0.8959787468373126
    ],
    [
      0.7092566115469886,
      -0.12040721125071004,
      -0.14278600711667103,
      -0.3537955644935507,
      0.5206477174340653,
      -0.12734053632487727,
      2.7110554998477365
    ],
    [
      0.8134452238647426,
      -0.15268466390669788,
      -0.5487406092067565,
      -0.607939832191332,
      -0.19796395157901114,
      -0.30044435651504614,
      -0.3514362227143879
    ],
    [
      -0.7169240634770331,
      2.3799151277351958,
      3.000643077608579,
      1.9282685757104034,
      0.4768482789001038,
      -0.6866776311183832,
      -0.6152000315906189
    ],
    [
      -0.7529937423500611,
      -1.0813387039155165,
      -0.36240742504699286,
      0.36766590383933806,
      1.025588510862502,
      -0.6664590377911033,
      1.2976518862353932
    ],
    [
      -0.0011483455389074263,
      0.18009249096415983,
      0.027982761677654167,
      2.5897913859865103,
      0.9410056029002953,
      0.37036783035924337,
      1.013539167342078
    ],
    [
      -0.7333001111831526,
      2.3910658061772287,
      3.0052527091947803,
      -2.34585431244151,
      0.4562596814193639,
      -0.5630195862319268,
      -0.6179422161700072
    ],
    [
      -0.853624120243362,
      0.36459142341315387,
      -0.5633117791773496,
      -0.4238274939521117,
      -0.4010969832908802,
      0.23676685181444132,
      -0.9290462409115288
    ],
    [
      1.8421995217520766,
      -0.22153629020564114,
      -0.559945535058479,
      -0.3140281160644573,
      0.3731102569850531,
      0.7392224299489575,
      -0.4281894017097098
    ]
  ],
  "cluster_crops": {
    "0": [
      "Mungbean",
      "Orange",
      "Papaya"
    ],
    "1": [
      "Coffee"
    ],
    "2": [
      "Chickpea"
    ],
    "3": [
      "Grapes",
      "Apple"
    ],
    "4": [
      "Pomegranate",
      "Orange",
      "Coconut"
    ],
    "5": [
      "Pigeonpeas",
      "Mothbeans",
      "Mango"
    ],
    "6": [
      "Watermelon",
      "Muskmelon"
    ],
    "7": [
      "Pigeonpeas",
      "Mothbeans",
      "Mango"
    ],
    "8": [
      "Pigeonpeas",
      "Mothbeans",
      "Blackgram",
      "Lentil",
      "Mango"
    ],
    "9": [
      "Rice",
      "Pigeonpeas",
      "Papaya",
      "Jute"
    ],
    "10": [
      "Banana",
      "Cotton"
    ],
    "11": [
      "Pomegranate",
      "Orange"
    ],
    "12": [
      "Chickpea",
      "Kidneybeans",
      "Pigeonpeas"
    ],
    "13": [
      "Mothbeans"
    ],
    "14": [
      "Rice",
      "Papaya"
    ],
    "15": [
      "Maize",
      "Papaya",
      "Cotton"
    ],
    "16": [
      "Grapes"
    ],
    "17": [
      "Rice",
      "Pigeonpeas",
      "Orange",
      "Coconut"
    ],
    "18": [
      "Papaya"
    ],
    "19": [
      "Grapes"
    ],
    "20": [
      "Pigeonpeas",
      "Mothbeans",
      "Blackgram",
      "Lentil"
    ],
    "21": [
      "Maize",
      "Watermelon",
      "Cotton"
    ]
  }
}