{"features":["N","P","K","temperature","humidity","ph","rainfall"],"scaler_mean":[50.551818181818184,53.36272727272727,48.14909090909091,25.616243851779544,71.48177921778637,6.469480065256364,103.46365541576817],"scaler_scale":[36.90894257695227,32.97838509495386,50.636418345000635,5.062597617195944,22.25875105745574,0.7737617731081714,54.945896562329025],"models":{"kmeans":{"centroids":[[-0.33324293274267913,-0.891153831354401,-0.4540717910438575,-0.8889348819952909,0.5013163471368748,0.9548459294234518,0.3332059646992997],[-0.8050737228757556,2.4476205644354567,2.994673239799935,-0.5377780170693799,0.8497136484072078,-0.6496045181000435,0.021128145755284957],[1.2939818710146993,0.8383280930807981,0.03878861701269638,0.3372012620123023,0.43141846278252516,-0.5739919210810258,-0.013618416965319605],[-0.6827027306024197,-0.8699686421405709,-0.3142037564267099,0.5043289841327279,0.9542717662455793,-0.549577521899092,1.4560038532693516],[-0.5811397613067364,0.47105728737110464,-0.014084595563893802,-1.2728942108577246,-2.238522496189505,-0.48866927064850774,-0.45227239030398325],[-0.5710629163096512,0.030927099236684106,-0.5123784446930457,0.833070000561898,0.2510635717180939,0.4715607089027501,-0.8300055993523137],[1.0587398871018117,-0.5053539622323004,-0.2653617719448425,-0.17391904304723038,-0.019448401089497188,0.11094768591450319,1.2695700723850671],[-0.785290734185102,-0.189658139615096,-0.5623110038987666,0.536247093479964,-0.7621018251980524,2.952411111294258,-0.8996365233909118],[-0.8770444623703048,-0.22352058601894237,-0.4627810266526329,0.8507512311646073,-0.9559756582392405,-0.5120405309558836,-0.09492475775109423],[0.7636098166731298,-0.14544949739252608,-0.16205124593860554,-0.3850086957202643,0.4981100322350815,-0.807392818822048,2.549695538053622],[-0.25838363282241045,0.4525737531470353,0.5946013922893795,-1.3450332162961827,-2.404611267030556,1.742025591763879,-0.44297908551220605],[-0.6918890389623443,0.37980429886731526,-0.5559060421158337,0.05603228861580236,-0.3800369555868068,0.9490579196990776,-0.9049188489763478],[-0.784278223356339,-0.3250842008551145,-0.46715910251445697,0.975801672425518,-0.9536889423585005,-2.2021592121712468,-0.30073015215166843],[-0.8629837637697051,0.4057723606898131,-0.5528340326680937,-1.0029299101270976,-1.8763192849701091,-1.053185575917844,0.5922326969198527],[-0.7464808325075907,2.3758458219213194,3.0027974738446557,1.8478003079209913,0.47645968212597134,-0.6978480773059288,-0.6131505489556771],[0.7609712279912892,-0.2678105072922279,-0.5211180669960973,-0.6443628687328494,-0.22401980326021986,-0.31506854414952734,-0.2495766717814857],[1.7262430828340172,-0.4836096348201001,-0.3898941029868503,-0.24775544702654817,0.40210287713293125,0.6465573058418879,-0.523561509757047],[-0.7051951868776053,2.4054467400190296,3.007781652438438,-2.1997757663500344,0.4566934061348627,-0.5419580982983926,-0.6195305738317312],[-0.2814942746732557,-0.27980727713086484,-0.24526539564359504,2.184955616668701,0.9367795473078114,0.48285605035160784,0.5530777669733687],[1.3322876404407864,-1.0579366746353958,0.018998583104074988,0.36309339191630446,0.7983819434255399,-0.1632907210287419,-1.2258523674651989],[-0.7532542587437603,-0.8566706974969202,-0.2882023616699221,-0.30068682008986464,0.7371471169694082,-0.15733186233355592,0.23232736184893457],[0.6435767517374056,-0.1230251786280619,-0.1389904742082664,-0.2657809625598945,0.5140487897838832,0.8696923582987376,2.050468151723584]],"cluster_crops":{"0":["Orange","Pomegranate","Coffee","Jute"],"1":["Apple","Grapes"],"2":["Banana","Papaya"],"3":["Coconut","Papaya","Pigeonpeas"],"4":["Kidneybeans","Chickpea","Lentil"],"5":["Mungbean","Blackgram","Papaya"],"6":["Coffee","Jute","Rice"],"7":["Mothbeans"],"8":["Mango","Pigeonpeas","Mothbeans","Lentil"],"9":["Rice"],"10":["Chickpea"],"11":["Lentil","Blackgram","Mothbeans"],"12":["Mango","Mothbeans","Pigeonpeas"],"13":["Kidneybeans","Pigeonpeas"],"14":["Grapes"],"15":["Maize","Coffee","Cotton","Pomegranate"],"16":["Cotton","Watermelon","Coffee"],"17":["Grapes"],"18":["Papaya","Orange"],"19":["Muskmelon","Watermelon"],"20":["Pomegranate","Orange","Papaya","Pigeonpeas","Coconut"],"21":["Rice","Jute","Papaya"]}},"kmedoids":{"centroids":[[1.5910007255962537,-1.0860077582370142,0.0168042906414036,0.45787691076314513,0.8560619003353445,-0.32072311053072433,-1.3106246573852356],[1.6174038728474474,-0.4636370142435981,-0.3934885036515557,-0.29007231560167385,0.3397802096813357,0.477317209168435,-0.5500712280570843],[-0.10977876630766267,0.1785191333754412,0.018920215516122458,2.5611193745326406,0.9410210386597806,0.3817222172733469,1.8378381381629214],[-0.17681831828616026,-0.1548382979219424,-0.16903540177407494,1.2528727577360121,0.9430900562153667,0.6246488072156327,-0.16687843086223184],[-0.5531061540789101,2.419588929009757,2.9972988350852563,-0.6189020455334283,0.9413631964032211,-0.7243562718087408,0.18494566113881283],[-0.8291263785258881,-0.3105193018084082,-0.46540331773817073,0.9721582679542117,-0.9928067412963113,-1.6661458458661498,-0.13627147820617308],[-0.6981833584757736,2.4036261109101567,3.0044288825886425,-2.090665167419341,0.4566946145915721,-0.5163274139771549,-0.6166449725358991],[-0.8150752124865763,0.43084891081811744,-0.5073181375852528,-1.0994553298533103,-2.066388230908553,-1.021846772909867,0.16775800238471353],[-0.674008508443748,-0.033703765130808264,-0.5246779094820521,0.6570209246498212,-0.06130617297850918,0.13474809827361128,-0.7860350976969794],[-0.33298531685657357,0.4469617424610014,0.493170829103031,-1.329383118182737,-2.2253976073525124,1.1021780682738278,-0.4869754475267389],[-0.6761495051641524,0.2127305824418648,-0.5603059964321748,0.4329750554084916,-0.34997915477865865,1.4633808795736616,-0.8581000927909761],[-0.6728497049520544,-0.8960706378362543,-0.3291452775028263,0.3738183588328025,0.9206000207829379,-0.7848544986601302,1.5637172537481132],[-0.47530187498094983,-0.7419972221021319,-0.48466990466696575,-1.0861846275943121,0.4317046227602993,0.8412067282378601,0.22108815854665662],[0.7152529692279972,-0.17067122972382182,-0.15416638501653232,-0.2006286498312145,0.4471406955154812,0.3775832750981614,1.6032242959046026],[-0.7028953071618047,-0.9312327838752459,-0.49007726823569175,0.5515622528879897,0.851292939707718,-0.021829737115459862,0.6286906402708937],[-0.40556795518211247,-0.6137482189069029,-0.35117381946557835,-0.4049602998717379,0.30003430922905117,-0.2593034388665969,0.08203627239148285],[-0.9169344325478935,2.439561745555746,2.997122138776154,0.3288381991698452,0.6927622854211961,-0.6446121131587419,-0.2519257414360142],[1.2383447242599375,0.6596581416778184,-0.0728359850406963,0.12243676695167129,0.31663899859075223,-0.6523673257850819,-0.06891074299341504],[0.8166600629741255,-0.14961787334185847,-0.15730609904974815,-0.4763580141748583,0.4979641171759259,-0.4425931758106866,2.858116536509069],[1.0939786069108741,-1.0694462304360992,0.04212900718117598,0.34757680960578374,0.7907298662241369,-0.03490447646315103,-1.2126942857572374],[1.241759232372047,-0.7644768550255596,-0.3929299564792394,-0.21560532573982638,-0.4604392194323013,0.2795593697313383,0.952407427414456],[0.06633031583274289,0.063123684368514,-0.012818657604660411,2.927998529315306,0.9372651423216841,0.325268114441567,-0.15006050860865255]],"cluster_crops":{"0":["Muskmelon","Watermelon"],"1":["Cotton","Watermelon","Maize"],"2":["Papaya"],"3":["Papaya","Orange"],"4":["Apple"],"5":["Mango","Pigeonpeas","Mothbeans"],"6":["Grapes"],"7":["Kidneybeans","Pigeonpeas"],"8":["Mungbean","Blackgram","Lentil","Mango","Mothbeans"],"9":["Chickpea","Lentil"],"10":["Blackgram","Lentil","Mothbeans","Mungbean"],"11":["Coconut","Rice","Pigeonpeas"],"12":["Orange","Pomegranate","Maize","Jute","Pigeonpeas","Coffee"],"13":["Jute","Rice","Papaya"],"14":["Coconut","Orange","Papaya","Pigeonpeas"],"15":["Pomegranate","Maize","Pigeonpeas","Orange"],"16":["Grapes","Apple"],"17":["Banana","Maize"],"18":["Rice"],"19":["Muskmelon","Watermelon"],